Workbook
Name FC_AMT: Model!$B$5
Name S0_in: Model!$B$6
Name F0_in: Model!$B$7
Name R_USD: Model!$B$8
Name R_FC: Model!$B$9
Name K_PUT: Model!$B$10
Name K_CALL: Model!$B$11
Name PREM_PUT: Model!$B$12
Name PREM_CALL: Model!$B$13
Name T_DAYS: Model!$B$14
Name T_YRS: Model!$B$15

Sheet Model
A1: FX Receivable Hedge – Stage 4 (Scenario 4)
A3: INPUT VARIABLES (Yellow = Inputs)
A5: FC_AMT (EUR receivable) | B5: 17800000
A6: Spot S0 (USD per EUR) | B6: 1.16
A7: Forward F0 (USD per EUR) | B7: 1.0935
A8: USD rate r_USD (p.a.) | B8: 0.0475
A9: EUR rate r_FC (p.a.) | B9: 0.03
A10: Put strike K_PUT | B10: 1.16
A11: Call strike K_CALL | B11: 1.16
A12: Put premium PREM_PUT (USD/EUR) | B12: 0.019
A13: Call premium PREM_CALL (USD/EUR) | B13: 0.024
A14: T_DAYS | B14: 360
A15: T_YRS = T_DAYS / 360 | B15: =B14/360
A17: FORWARD HEDGE
A18: Locked USD (EUR × F0) | B18: =FC_AMT*F0_in
A20: MONEY MARKET HEDGE (3-step)
A21: 1) EUR to borrow today | B21: =FC_AMT/(1+R_FC*T_YRS)
A22: 2) USD obtained today | B22: =B21*S0_in
A23: 3) USD at maturity | B23: =B22*(1+R_USD*T_YRS)
A24: COVERED INTEREST PARITY CHECK
A25: Implied forward from CIP: S0*(1+r_USD*t)/(1+r_FC*t) | B25: =S0_in*(1+R_USD*T_YRS)/(1+R_FC*T_YRS)
A26: Difference vs. quoted F0 (bps) | B26: =(B25-F0_in)/F0_in*10000
A28: OPTION HEDGES (Payouts at Maturity S_T)
A29: Spot at maturity S_T | B29: =S0_in
A30: USD receipts – Unhedged | B30: =FC_AMT*B29
A31: USD receipts – Long EUR Put | B31: =FC_AMT*MAX(B29,K_PUT) - PREM_PUT*FC_AMT
A32: USD receipts – Long EUR Call | B32: =FC_AMT*(B29 + MAX(B29-K_CALL,0)) - PREM_CALL*FC_AMT
A34: OUTPUTS / KPIs
A35: Forward USD (Gray) | B35: =FC_AMT*F0_in
A36: Money Market USD (Gray) | B36: =B23
A37: Parity Diff (bps) | B37: =B26

Sheet Sensitivity
A1: Sensitivity: S_T from 0.95×S0 to 1.05×S0 (step 0.01)
A3: S_T | B3: Unhedged USD | C3: Long Put USD | D3: Long Call USD | E3: Forward USD | F3: MM USD
A4: =0.95*S0_in | B4: =FC_AMT*A4 | C4: =FC_AMT*MAX(A4,K_PUT) - PREM_PUT*FC_AMT | D4: =FC_AMT*(A4 + MAX(A4-K_CALL,0)) - PREM_CALL*FC_AMT | E4: =FC_AMT*F0_in | F4: =Model!$B$23
A5: =0.96*S0_in | B5: =FC_AMT*A5 | C5: =FC_AMT*MAX(A5,K_PUT) - PREM_PUT*FC_AMT | D5: =FC_AMT*(A5 + MAX(A5-K_CALL,0)) - PREM_CALL*FC_AMT | E5: =FC_AMT*F0_in | F5: =Model!$B$23
A6: =0.97*S0_in | B6: =FC_AMT*A6 | C6: =FC_AMT*MAX(A6,K_PUT) - PREM_PUT*FC_AMT | D6: =FC_AMT*(A6 + MAX(A6-K_CALL,0)) - PREM_CALL*FC_AMT | E6: =FC_AMT*F0_in | F6: =Model!$B$23
A7: =0.98*S0_in | B7: =FC_AMT*A7 | C7: =FC_AMT*MAX(A7,K_PUT) - PREM_PUT*FC_AMT | D7: =FC_AMT*(A7 + MAX(A7-K_CALL,0)) - PREM_CALL*FC_AMT | E7: =FC_AMT*F0_in | F7: =Model!$B$23
A8: =0.99*S0_in | B8: =FC_AMT*A8 | C8: =FC_AMT*MAX(A8,K_PUT) - PREM_PUT*FC_AMT | D8: =FC_AMT*(A8 + MAX(A8-K_CALL,0)) - PREM_CALL*FC_AMT | E8: =FC_AMT*F0_in | F8: =Model!$B$23
A9: =1.0*S0_in | B9: =FC_AMT*A9 | C9: =FC_AMT*MAX(A9,K_PUT) - PREM_PUT*FC_AMT | D9: =FC_AMT*(A9 + MAX(A9-K_CALL,0)) - PREM_CALL*FC_AMT | E9: =FC_AMT*F0_in | F9: =Model!$B$23
A10: =1.01*S0_in | B10: =FC_AMT*A10 | C10: =FC_AMT*MAX(A10,K_PUT) - PREM_PUT*FC_AMT | D10: =FC_AMT*(A10 + MAX(A10-K_CALL,0)) - PREM_CALL*FC_AMT | E10: =FC_AMT*F0_in | F10: =Model!$B$23
A11: =1.02*S0_in | B11: =FC_AMT*A11 | C11: =FC_AMT*MAX(A11,K_PUT) - PREM_PUT*FC_AMT | D11: =FC_AMT*(A11 + MAX(A11-K_CALL,0)) - PREM_CALL*FC_AMT | E11: =FC_AMT*F0_in | F11: =Model!$B$23
A12: =1.03*S0_in | B12: =FC_AMT*A12 | C12: =FC_AMT*MAX(A12,K_PUT) - PREM_PUT*FC_AMT | D12: =FC_AMT*(A12 + MAX(A12-K_CALL,0)) - PREM_CALL*FC_AMT | E12: =FC_AMT*F0_in | F12: =Model!$B$23
A13: =1.04*S0_in | B13: =FC_AMT*A13 | C13: =FC_AMT*MAX(A13,K_PUT) - PREM_PUT*FC_AMT | D13: =FC_AMT*(A13 + MAX(A13-K_CALL,0)) - PREM_CALL*FC_AMT | E13: =FC_AMT*F0_in | F13: =Model!$B$23
A14: =1.05*S0_in | B14: =FC_AMT*A14 | C14: =FC_AMT*MAX(A14,K_PUT) - PREM_PUT*FC_AMT | D14: =FC_AMT*(A14 + MAX(A14-K_CALL,0)) - PREM_CALL*FC_AMT | E14: =FC_AMT*F0_in | F14: =Model!$B$23

Sheet Audit
A1: Named Range | B1: Cell Reference
A2: FC_AMT | B2: Model!$B$5
A3: S0_in | B3: Model!$B$6
A4: F0_in | B4: Model!$B$7
A5: R_USD | B5: Model!$B$8
A6: R_FC | B6: Model!$B$9
A7: K_PUT | B7: Model!$B$10
A8: K_CALL | B8: Model!$B$11
A9: PREM_PUT | B9: Model!$B$12
A10: PREM_CALL | B10: Model!$B$13
A11: T_DAYS | B11: Model!$B$14
A12: T_YRS | B12: Model!$B$15
